,mean,sd,hdi_3%,hdi_97%,mcse_mean,mcse_sd,ess_bulk,ess_tail,r_hat
log_skill[0],1.619,0.843,0.01,3.196,0.007,0.012,15029.0,4445.0,1.0
log_skill[1],-0.412,0.549,-1.466,0.566,0.005,0.009,13470.0,4149.0,1.0
log_skill[2],1.05,0.729,-0.301,2.388,0.006,0.011,14216.0,4379.0,1.0
log_skill[3],-0.061,0.607,-1.203,1.052,0.006,0.01,13235.0,4227.0,1.0
log_skill[4],0.372,0.631,-0.807,1.503,0.006,0.009,12264.0,4545.0,1.0
log_skill[5],0.065,0.61,-1.117,1.155,0.005,0.009,14064.0,4057.0,1.0
log_skill[6],-1.279,0.504,-2.302,-0.427,0.005,0.007,12810.0,3984.0,1.0
log_skill[7],-1.321,0.501,-2.261,-0.387,0.005,0.007,12428.0,3772.0,1.0
log_skill[8],-0.109,0.586,-1.157,1.01,0.005,0.009,13685.0,4155.0,1.0
log_skill[9],-1.228,0.516,-2.163,-0.268,0.005,0.008,13943.0,3922.0,1.0
log_skill[10],-0.455,0.572,-1.539,0.582,0.005,0.008,12145.0,3867.0,1.0
log_skill[11],1.277,0.776,-0.175,2.677,0.007,0.012,13928.0,4016.0,1.0
log_skill[12],-1.248,0.509,-2.211,-0.322,0.004,0.008,14565.0,4112.0,1.0
log_skill[13],1.744,0.903,0.009,3.416,0.007,0.012,15280.0,4873.0,1.0
log_skill[14],-0.208,0.591,-1.329,0.844,0.005,0.008,12665.0,4632.0,1.0
log_skill[15],0.098,0.609,-1.101,1.157,0.005,0.009,13982.0,4478.0,1.0
log_skill[16],-0.393,0.567,-1.487,0.608,0.005,0.008,14324.0,4622.0,1.0
log_skill[17],-1.279,0.503,-2.192,-0.344,0.004,0.008,14664.0,4024.0,1.0
log_skill[18],0.548,0.652,-0.697,1.723,0.006,0.01,13245.0,4191.0,1.0
log_skill[19],-0.651,0.531,-1.679,0.287,0.005,0.009,13799.0,4024.0,1.0
log_skill[20],0.948,0.716,-0.322,2.303,0.006,0.011,14724.0,3966.0,1.0
log_skill[21],-0.423,0.571,-1.469,0.638,0.005,0.009,14985.0,3969.0,1.0
log_skill[22],1.926,0.934,0.231,3.741,0.008,0.013,14874.0,4640.0,1.0
log_skill[23],0.161,0.621,-1.041,1.312,0.006,0.009,13443.0,4074.0,1.0
log_skill[24],0.487,0.653,-0.785,1.658,0.006,0.01,14147.0,4006.0,1.0
log_skill[25],-0.209,0.577,-1.281,0.875,0.005,0.009,12849.0,4076.0,1.0
log_skill[26],0.484,0.644,-0.741,1.659,0.006,0.009,15043.0,3973.0,1.0
log_skill[27],-0.48,0.568,-1.522,0.555,0.005,0.009,13424.0,4179.0,1.0
log_skill[28],1.227,0.784,-0.228,2.683,0.007,0.011,14364.0,4315.0,1.0
log_skill[29],0.205,0.625,-1.047,1.264,0.006,0.01,13452.0,4461.0,1.0
log_skill[30],-1.487,0.494,-2.407,-0.554,0.004,0.008,13761.0,4109.0,1.0
log_skill[31],0.906,0.723,-0.466,2.212,0.006,0.012,13680.0,4447.0,1.0
log_skill[32],1.692,0.877,0.009,3.272,0.007,0.013,15103.0,3833.0,1.0
log_skill[33],1.529,0.823,-0.061,3.054,0.007,0.012,13317.0,4434.0,1.0
log_skill[34],0.906,0.707,-0.439,2.216,0.006,0.011,13786.0,4200.0,1.0
log_skill[35],0.236,0.633,-0.941,1.366,0.006,0.009,12709.0,4541.0,1.0
log_skill[36],1.572,0.838,0.057,3.163,0.007,0.013,15033.0,4253.0,1.0
log_skill[37],0.517,0.661,-0.716,1.73,0.006,0.01,12766.0,4535.0,1.0
log_skill[38],-0.029,0.599,-1.205,1.0,0.006,0.009,13423.0,3583.0,1.0
log_skill[39],-0.966,0.529,-1.937,-0.014,0.005,0.007,13568.0,4217.0,1.0
log_skill[40],-0.453,0.56,-1.554,0.549,0.005,0.009,14838.0,4128.0,1.0
log_skill[41],-0.136,0.583,-1.241,0.916,0.005,0.009,14659.0,4307.0,1.0
log_skill[42],1.13,0.761,-0.285,2.508,0.006,0.011,14680.0,4298.0,1.0
log_skill[43],-1.27,0.507,-2.292,-0.378,0.004,0.008,14542.0,4374.0,1.0
log_skill[44],0.241,0.63,-0.995,1.357,0.006,0.01,12756.0,4522.0,1.0
log_skill[45],0.433,0.645,-0.782,1.659,0.006,0.01,13612.0,4219.0,1.0
log_skill[46],1.832,0.906,0.163,3.57,0.008,0.015,13818.0,3993.0,1.0
log_skill[47],1.525,0.857,-0.057,3.142,0.007,0.013,14108.0,4143.0,1.0
log_skill[48],0.177,0.62,-0.993,1.311,0.006,0.009,11889.0,4123.0,1.0
log_skill[49],0.323,0.633,-0.9,1.445,0.006,0.01,13391.0,3456.0,1.0
log_skill[50],0.2,0.63,-1.066,1.321,0.006,0.01,12417.0,3798.0,1.0
log_skill[51],-0.469,0.546,-1.451,0.553,0.005,0.009,14476.0,3635.0,1.0
log_skill[52],0.845,0.708,-0.496,2.131,0.007,0.011,12838.0,4010.0,1.0
log_skill[53],1.015,0.737,-0.393,2.348,0.006,0.011,14066.0,4540.0,1.0
log_skill[54],-2.019,0.499,-2.986,-1.119,0.004,0.007,13227.0,4557.0,1.0
log_skill[55],0.424,0.624,-0.778,1.547,0.006,0.009,12829.0,4357.0,1.0
log_skill[56],1.805,0.918,0.029,3.485,0.008,0.015,14465.0,3965.0,1.0
log_skill[57],-0.222,0.551,-1.272,0.761,0.005,0.009,13151.0,4123.0,1.0
log_skill[58],1.307,0.775,-0.117,2.763,0.006,0.011,15825.0,4515.0,1.0
log_skill[59],-0.899,0.531,-1.885,0.082,0.005,0.008,14236.0,4374.0,1.0
log_skill[60],-0.387,0.585,-1.481,0.673,0.005,0.01,12859.0,4167.0,1.0
log_skill[61],0.591,0.669,-0.677,1.814,0.006,0.011,13183.0,4031.0,1.0
log_skill[62],0.781,0.703,-0.539,2.07,0.006,0.011,13709.0,4007.0,1.0
log_skill[63],-1.828,0.488,-2.775,-0.954,0.004,0.008,13787.0,4200.0,1.0
log_skill[64],1.11,0.769,-0.365,2.461,0.007,0.013,14335.0,3692.0,1.0
log_skill[65],-0.966,0.529,-1.963,-0.005,0.005,0.009,14771.0,3469.0,1.0
log_skill[66],-0.862,0.524,-1.825,0.12,0.005,0.008,13533.0,4393.0,1.0
log_skill[67],1.102,0.748,-0.284,2.468,0.007,0.012,14225.0,3741.0,1.0
log_skill[68],-1.617,0.482,-2.569,-0.758,0.004,0.007,15027.0,4363.0,1.0
log_skill[69],1.177,0.745,-0.327,2.447,0.007,0.011,13518.0,4454.0,1.0
log_skill[70],1.212,0.76,-0.229,2.589,0.007,0.011,13145.0,4312.0,1.0
log_skill[71],0.811,0.703,-0.513,2.082,0.006,0.011,13343.0,3754.0,1.0
log_skill[72],0.604,0.666,-0.622,1.868,0.006,0.011,14499.0,4080.0,1.0
log_skill[73],0.601,0.674,-0.654,1.83,0.006,0.01,13468.0,4096.0,1.0
log_skill[74],-0.026,0.597,-1.126,1.071,0.005,0.009,13123.0,4366.0,1.0
log_skill[75],-1.044,0.514,-2.052,-0.132,0.005,0.008,11978.0,4272.0,1.0
log_skill[76],-0.5,0.55,-1.519,0.506,0.005,0.008,11989.0,4132.0,1.0
log_skill[77],-0.35,0.563,-1.368,0.692,0.005,0.009,14096.0,4215.0,1.0
log_skill[78],0.03,0.598,-1.128,1.092,0.006,0.009,13155.0,3762.0,1.0
log_skill[79],0.638,0.68,-0.556,2.019,0.006,0.011,13749.0,3513.0,1.0
log_skill[80],-1.081,0.519,-2.126,-0.195,0.005,0.008,13879.0,4255.0,1.0
log_skill[81],0.142,0.619,-1.093,1.198,0.005,0.01,15002.0,3978.0,1.0
log_skill[82],1.37,0.809,-0.091,2.897,0.007,0.011,14588.0,4328.0,1.0
log_skill[83],1.063,0.759,-0.371,2.475,0.007,0.012,13191.0,3569.0,1.0
log_skill[84],0.859,0.695,-0.421,2.119,0.006,0.01,13698.0,4485.0,1.0
log_skill[85],-0.688,0.542,-1.69,0.317,0.005,0.009,12869.0,3750.0,1.0
log_skill[86],1.679,0.875,-0.075,3.224,0.007,0.014,15748.0,3918.0,1.0
log_skill[87],0.124,0.608,-0.98,1.258,0.005,0.01,16871.0,3706.0,1.0
log_skill[88],0.369,0.634,-0.821,1.551,0.006,0.01,13107.0,4118.0,1.0
log_skill[89],1.184,0.788,-0.255,2.623,0.007,0.012,15593.0,4522.0,1.0
log_skill[90],-0.745,0.541,-1.752,0.226,0.005,0.009,14122.0,3467.0,1.0
log_skill[91],-1.327,0.504,-2.276,-0.373,0.005,0.007,12771.0,4308.0,1.0
log_skill[92],1.651,0.895,-0.069,3.275,0.007,0.013,16693.0,4184.0,1.0
log_skill[93],-1.311,0.496,-2.25,-0.445,0.004,0.008,14161.0,3641.0,1.0
log_skill[94],-2.023,0.486,-2.946,-1.117,0.004,0.008,13083.0,4145.0,1.0
log_skill[95],-0.328,0.581,-1.41,0.737,0.005,0.009,14926.0,3952.0,1.0
log_skill[96],0.018,0.622,-1.121,1.2,0.005,0.011,14125.0,3657.0,1.0
log_skill[97],-0.687,0.526,-1.725,0.235,0.005,0.008,12555.0,4172.0,1.0
log_skill[98],1.663,0.852,0.08,3.278,0.007,0.012,14154.0,4284.0,1.0
log_skill[99],-0.035,0.595,-1.077,1.136,0.005,0.009,15498.0,4274.0,1.0
log_skill[100],-0.925,0.522,-1.901,0.033,0.005,0.008,13698.0,4479.0,1.0
log_skill[101],-0.183,0.606,-1.317,0.914,0.006,0.011,13430.0,3572.0,1.0
log_skill[102],-0.745,0.525,-1.71,0.199,0.005,0.008,11952.0,4100.0,1.0
log_skill[103],-0.411,0.576,-1.544,0.614,0.005,0.009,15347.0,3849.0,1.0
log_skill[104],-0.484,0.553,-1.525,0.519,0.005,0.008,14824.0,4269.0,1.0
log_skill[105],0.868,0.703,-0.478,2.16,0.006,0.012,13166.0,3738.0,1.0
log_skill[106],-0.056,0.595,-1.178,1.04,0.005,0.009,14548.0,4097.0,1.0
log_skill[107],-0.665,0.552,-1.663,0.398,0.005,0.009,15101.0,3851.0,1.0
log_skill[108],1.363,0.78,-0.179,2.725,0.007,0.011,15071.0,4969.0,1.0
log_skill[109],0.204,0.608,-1.01,1.281,0.006,0.009,13594.0,4301.0,1.0
log_skill[110],1.398,0.799,-0.157,2.801,0.007,0.012,15334.0,4095.0,1.0
log_skill[111],1.15,0.757,-0.275,2.505,0.007,0.012,13665.0,4304.0,1.0
log_skill[112],-0.97,0.511,-1.914,-0.008,0.005,0.008,12207.0,4106.0,1.0
log_skill[113],-0.741,0.53,-1.718,0.252,0.005,0.008,13184.0,4489.0,1.0
log_skill[114],-1.538,0.498,-2.496,-0.622,0.005,0.008,11414.0,3507.0,1.0
log_skill[115],-1.436,0.498,-2.355,-0.5,0.005,0.008,12504.0,3711.0,1.0
log_skill[116],0.116,0.632,-1.076,1.285,0.006,0.009,12283.0,4051.0,1.0
log_skill[117],-1.743,0.484,-2.633,-0.851,0.004,0.008,13043.0,4268.0,1.0
log_skill[118],0.524,0.629,-0.677,1.687,0.005,0.009,14728.0,4469.0,1.0
log_skill[119],-1.192,0.51,-2.114,-0.192,0.005,0.008,12622.0,3968.0,1.0
log_skill[120],0.473,0.655,-0.814,1.633,0.006,0.01,14414.0,4305.0,1.0
log_skill[121],-0.119,0.577,-1.194,0.96,0.005,0.009,12841.0,3771.0,1.0
log_skill[122],-0.212,0.593,-1.354,0.86,0.005,0.009,14347.0,3745.0,1.0
log_skill[123],1.043,0.726,-0.348,2.343,0.006,0.011,13793.0,4239.0,1.0
log_skill[124],0.804,0.709,-0.584,2.097,0.006,0.011,13996.0,4289.0,1.0
log_skill[125],-2.407,0.527,-3.387,-1.402,0.005,0.007,13567.0,4408.0,1.0
log_skill[126],1.96,1.0,0.082,3.85,0.008,0.017,17602.0,3630.0,1.0
log_skill[127],-0.217,0.58,-1.387,0.812,0.005,0.009,12988.0,3684.0,1.0
log_skill[128],-1.115,0.515,-2.077,-0.148,0.005,0.009,11962.0,3317.0,1.0
log_skill[129],1.87,0.946,0.152,3.658,0.008,0.016,15650.0,3841.0,1.0
log_skill[130],-1.267,0.493,-2.231,-0.389,0.005,0.007,12115.0,4129.0,1.0
log_skill[131],-1.298,0.512,-2.254,-0.362,0.004,0.008,14368.0,4134.0,1.0
log_skill[132],0.115,0.619,-1.039,1.259,0.005,0.01,14791.0,3922.0,1.0
log_skill[133],0.62,0.667,-0.661,1.819,0.006,0.01,15421.0,4040.0,1.0
log_skill[134],-2.646,0.51,-3.587,-1.701,0.005,0.009,12890.0,4000.0,1.0
log_skill[135],0.958,0.71,-0.395,2.262,0.006,0.011,15029.0,4375.0,1.0
log_skill[136],-0.174,0.568,-1.228,0.877,0.005,0.008,13438.0,4471.0,1.0
log_skill[137],1.396,0.821,-0.13,2.93,0.007,0.013,14760.0,3527.0,1.0
log_skill[138],0.299,0.618,-0.835,1.466,0.006,0.009,13736.0,4188.0,1.0
log_skill[139],-0.29,0.557,-1.39,0.688,0.005,0.008,12275.0,4021.0,1.0
log_skill[140],-0.326,0.569,-1.404,0.718,0.005,0.009,13120.0,4423.0,1.0
log_skill[141],-1.495,0.501,-2.499,-0.628,0.004,0.008,15794.0,3792.0,1.0
log_skill[142],-0.949,0.514,-1.947,-0.013,0.005,0.008,13289.0,4310.0,1.0
log_skill[143],1.266,0.768,-0.221,2.634,0.007,0.011,14028.0,4607.0,1.0
log_skill[144],1.386,0.813,-0.146,2.883,0.007,0.012,13840.0,4415.0,1.0
log_skill[145],1.125,0.739,-0.319,2.436,0.007,0.012,13854.0,4194.0,1.0
log_skill[146],0.654,0.664,-0.581,1.856,0.006,0.01,13045.0,4287.0,1.0
log_skill[147],-0.312,0.569,-1.356,0.754,0.005,0.008,13083.0,4077.0,1.0
log_skill[148],0.165,0.608,-0.999,1.235,0.005,0.009,14783.0,4061.0,1.0
log_skill[149],0.825,0.712,-0.565,2.105,0.006,0.011,14870.0,3735.0,1.0
log_skill[150],0.726,0.684,-0.588,1.93,0.006,0.01,13251.0,4405.0,1.0
log_skill[151],1.394,0.812,-0.043,2.938,0.007,0.012,12987.0,4086.0,1.0
log_skill[152],0.741,0.711,-0.561,2.051,0.006,0.011,14275.0,3888.0,1.0
log_skill[153],1.165,0.767,-0.308,2.538,0.007,0.012,15412.0,3903.0,1.0
log_skill[154],0.958,0.731,-0.446,2.286,0.006,0.011,15427.0,4424.0,1.0
log_skill[155],0.416,0.661,-0.818,1.632,0.006,0.01,13075.0,3926.0,1.0
log_skill[156],-1.207,0.504,-2.132,-0.254,0.005,0.008,13699.0,4438.0,1.0
log_skill[157],-1.14,0.509,-2.095,-0.205,0.005,0.008,12433.0,4026.0,1.0
log_skill[158],-0.628,0.538,-1.647,0.355,0.005,0.009,11890.0,4034.0,1.0
log_skill[159],0.486,0.659,-0.772,1.657,0.006,0.01,15227.0,4016.0,1.0
log_skill[160],1.006,0.739,-0.435,2.321,0.006,0.011,14668.0,3877.0,1.0
log_skill[161],-1.635,0.48,-2.51,-0.709,0.004,0.007,12864.0,4082.0,1.0
log_skill[162],1.238,0.774,-0.201,2.709,0.007,0.012,13715.0,4100.0,1.0
log_skill[163],-0.435,0.559,-1.503,0.576,0.005,0.008,13107.0,4239.0,1.0
log_skill[164],0.819,0.681,-0.512,1.984,0.006,0.009,13756.0,4459.0,1.0
log_skill[165],-1.276,0.504,-2.235,-0.347,0.005,0.008,12841.0,3999.0,1.0
log_skill[166],-1.164,0.508,-2.19,-0.299,0.004,0.009,14883.0,4394.0,1.0
log_skill[167],-0.974,0.524,-1.959,-0.006,0.005,0.008,14121.0,4197.0,1.0
log_skill[168],-1.297,0.502,-2.239,-0.385,0.005,0.007,12346.0,4187.0,1.0
log_skill[169],1.618,0.853,0.021,3.187,0.008,0.012,13134.0,4519.0,1.0
log_skill[170],-2.165,0.508,-3.084,-1.173,0.005,0.008,12530.0,4101.0,1.0
log_skill[171],0.374,0.643,-0.861,1.516,0.006,0.01,13239.0,3600.0,1.0
log_skill[172],0.93,0.716,-0.419,2.257,0.006,0.01,13579.0,4042.0,1.0
log_skill[173],0.668,0.655,-0.537,1.891,0.006,0.01,13310.0,4291.0,1.0
log_skill[174],0.784,0.69,-0.531,2.049,0.006,0.01,14226.0,3981.0,1.0
log_skill[175],1.457,0.837,-0.166,2.939,0.008,0.013,11990.0,3662.0,1.0
log_skill[176],0.727,0.689,-0.567,1.975,0.006,0.01,13965.0,4593.0,1.0
log_skill[177],1.63,0.865,-0.06,3.185,0.007,0.013,16341.0,4427.0,1.0
log_skill[178],-0.694,0.538,-1.701,0.301,0.005,0.008,12543.0,4417.0,1.0
log_skill[179],-0.133,0.586,-1.26,0.911,0.005,0.009,15478.0,4289.0,1.0
log_skill[180],-0.955,0.523,-1.913,0.01,0.005,0.008,13069.0,4207.0,1.0
log_skill[181],0.231,0.623,-0.924,1.393,0.006,0.009,12485.0,4380.0,1.0
log_skill[182],-0.924,0.516,-1.884,0.017,0.005,0.007,12264.0,4110.0,1.0
log_skill[183],-1.221,0.509,-2.18,-0.297,0.005,0.008,12909.0,4201.0,1.0
log_skill[184],-1.752,0.489,-2.652,-0.839,0.004,0.008,15032.0,3846.0,1.0
log_skill[185],0.039,0.607,-1.054,1.179,0.006,0.009,12333.0,4370.0,1.0
log_skill[186],0.818,0.704,-0.579,2.033,0.006,0.01,15111.0,4192.0,1.0
log_skill[187],0.734,0.682,-0.571,1.955,0.006,0.01,14323.0,4304.0,1.0
log_skill[188],1.884,0.931,0.12,3.616,0.007,0.014,15885.0,4099.0,1.0
log_skill[189],-0.268,0.58,-1.342,0.762,0.005,0.008,16282.0,4598.0,1.0
log_skill[190],0.051,0.605,-1.13,1.126,0.006,0.009,13352.0,4373.0,1.0
log_skill[191],-0.342,0.556,-1.385,0.68,0.005,0.009,13364.0,4450.0,1.0
log_skill[192],-0.949,0.53,-1.963,-0.006,0.005,0.009,14280.0,4134.0,1.0
log_skill[193],-0.058,0.602,-1.228,0.974,0.006,0.009,13479.0,4488.0,1.0
log_skill[194],-0.959,0.536,-1.961,0.011,0.005,0.008,14392.0,4291.0,1.0
log_skill[195],-0.063,0.588,-1.238,0.942,0.005,0.009,12592.0,4154.0,1.0
log_skill[196],0.559,0.654,-0.659,1.76,0.006,0.009,13931.0,4186.0,1.0
log_skill[197],0.081,0.599,-1.062,1.145,0.006,0.009,12117.0,3958.0,1.0
log_skill[198],-0.796,0.538,-1.799,0.166,0.005,0.008,14289.0,4070.0,1.0
log_skill[199],-0.315,0.568,-1.385,0.682,0.005,0.009,12345.0,4059.0,1.0
log_skill[200],1.331,0.77,-0.147,2.746,0.006,0.011,16145.0,4085.0,1.0
log_skill[201],-1.88,0.497,-2.779,-0.937,0.005,0.007,11261.0,4128.0,1.0
log_skill[202],0.688,0.691,-0.65,1.905,0.006,0.011,14817.0,4174.0,1.0
log_skill[203],-1.283,0.508,-2.227,-0.321,0.005,0.008,13272.0,3867.0,1.0
log_skill[204],-0.506,0.555,-1.502,0.532,0.005,0.009,13808.0,4277.0,1.0
log_skill[205],0.772,0.709,-0.537,2.07,0.006,0.01,12785.0,4446.0,1.0
log_skill[206],-0.977,0.516,-1.9,0.041,0.005,0.008,12771.0,4031.0,1.0
log_skill[207],-0.603,0.565,-1.655,0.4,0.005,0.008,13508.0,4052.0,1.0
log_skill[208],-0.986,0.53,-2.073,-0.063,0.005,0.008,13557.0,4204.0,1.0
log_skill[209],0.446,0.641,-0.88,1.501,0.006,0.01,12863.0,3593.0,1.0
log_skill[210],-1.201,0.513,-2.203,-0.301,0.005,0.008,13206.0,4045.0,1.0
log_skill[211],0.858,0.704,-0.555,2.1,0.006,0.01,12825.0,4384.0,1.0
log_skill[212],1.444,0.832,-0.1,3.029,0.007,0.012,16424.0,4053.0,1.0
log_skill[213],1.514,0.841,-0.075,3.054,0.007,0.012,13653.0,4401.0,1.0
log_skill[214],1.455,0.813,-0.138,2.922,0.007,0.012,13699.0,3852.0,1.0
log_skill[215],-0.657,0.554,-1.716,0.313,0.005,0.008,13022.0,4291.0,1.0
log_skill[216],-0.895,0.531,-1.894,0.082,0.005,0.008,13101.0,3848.0,1.0
log_skill[217],-0.885,0.534,-1.977,0.023,0.005,0.01,12854.0,3866.0,1.0
log_skill[218],-1.361,0.503,-2.311,-0.448,0.004,0.008,14355.0,4400.0,1.0
log_skill[219],-0.865,0.53,-1.851,0.118,0.005,0.009,14430.0,4139.0,1.0
log_skill[220],-1.498,0.499,-2.457,-0.604,0.004,0.008,13347.0,4299.0,1.0
log_skill[221],1.748,0.915,0.025,3.456,0.008,0.014,14912.0,4161.0,1.0
log_skill[222],-1.709,0.478,-2.577,-0.803,0.004,0.008,14089.0,4321.0,1.0
log_skill[223],0.297,0.625,-0.871,1.453,0.006,0.01,13014.0,3806.0,1.0
log_skill[224],-1.809,0.504,-2.722,-0.881,0.004,0.007,15122.0,5060.0,1.0
log_skill[225],0.918,0.718,-0.418,2.217,0.007,0.012,13360.0,4522.0,1.0
log_skill[226],-0.738,0.54,-1.729,0.241,0.005,0.009,14474.0,3959.0,1.0
log_skill[227],1.309,0.769,-0.177,2.716,0.006,0.012,15512.0,4313.0,1.0
log_skill[228],0.376,0.641,-0.846,1.51,0.006,0.01,12346.0,3977.0,1.0
log_skill[229],-0.75,0.53,-1.735,0.212,0.005,0.007,13356.0,4160.0,1.0
log_skill[230],0.018,0.608,-1.144,1.134,0.006,0.01,13918.0,3781.0,1.0
log_skill[231],0.44,0.665,-0.753,1.688,0.006,0.011,12675.0,3597.0,1.0
log_skill[232],-1.569,0.488,-2.473,-0.647,0.005,0.007,12633.0,4076.0,1.0
log_skill[233],-1.359,0.506,-2.363,-0.483,0.005,0.007,12459.0,4498.0,1.0
log_skill[234],-1.165,0.509,-2.147,-0.258,0.005,0.007,12254.0,4386.0,1.0
log_skill[235],-0.399,0.568,-1.473,0.629,0.005,0.009,12038.0,3741.0,1.0
log_skill[236],0.705,0.711,-0.691,1.965,0.007,0.01,13033.0,4301.0,1.0
log_skill[237],0.113,0.624,-1.036,1.24,0.006,0.009,13077.0,4152.0,1.0
log_skill[238],1.3,0.811,-0.207,2.797,0.007,0.012,14175.0,4088.0,1.0
log_skill[239],-0.052,0.594,-1.181,1.01,0.005,0.009,14429.0,3767.0,1.0
log_skill[240],-0.003,0.592,-1.137,1.049,0.005,0.009,13868.0,3342.0,1.0
log_skill[241],0.37,0.637,-0.813,1.536,0.006,0.01,13204.0,4449.0,1.0
log_skill[242],0.266,0.628,-1.014,1.344,0.006,0.009,12837.0,4289.0,1.0
log_skill[243],-0.228,0.579,-1.359,0.828,0.005,0.008,12728.0,4249.0,1.0
log_skill[244],1.737,0.903,-0.055,3.352,0.007,0.014,16580.0,4835.0,1.0
log_skill[245],-0.242,0.581,-1.343,0.792,0.005,0.009,12481.0,4187.0,1.0
log_skill[246],-0.585,0.543,-1.613,0.377,0.004,0.008,16184.0,4113.0,1.0
log_skill[247],-0.432,0.568,-1.502,0.606,0.005,0.008,13343.0,4192.0,1.0
log_skill[248],-0.885,0.53,-1.907,0.068,0.005,0.008,12615.0,4033.0,1.0
log_skill[249],-0.633,0.547,-1.615,0.407,0.005,0.008,12403.0,4019.0,1.0
log_skill[250],0.049,0.597,-1.044,1.193,0.006,0.009,12783.0,3835.0,1.0
log_skill[251],-1.379,0.501,-2.334,-0.462,0.005,0.007,12390.0,3901.0,1.0
log_skill[252],-1.213,0.504,-2.181,-0.309,0.005,0.008,13592.0,4002.0,1.0
log_skill[253],1.721,0.894,0.035,3.385,0.007,0.013,17178.0,4300.0,1.0
log_skill[254],0.161,0.625,-1.1,1.255,0.006,0.01,12539.0,4293.0,1.0
log_skill[255],0.62,0.682,-0.694,1.825,0.006,0.01,13925.0,4625.0,1.0
log_skill[256],-0.202,0.584,-1.303,0.853,0.006,0.009,11745.0,3808.0,1.0
log_skill[257],1.084,0.734,-0.268,2.406,0.007,0.011,12725.0,4397.0,1.0
log_skill[258],0.692,0.682,-0.63,1.902,0.006,0.01,14179.0,3918.0,1.0
log_skill[259],0.447,0.661,-0.768,1.685,0.006,0.011,14143.0,3533.0,1.0
log_skill[260],0.465,0.655,-0.826,1.624,0.006,0.01,14261.0,4074.0,1.0
log_skill[261],-0.249,0.57,-1.309,0.798,0.005,0.009,11998.0,4099.0,1.0
log_skill[262],0.816,0.705,-0.547,2.12,0.006,0.011,14458.0,4066.0,1.0
log_skill[263],0.858,0.691,-0.526,2.042,0.006,0.01,14171.0,3815.0,1.0
log_skill[264],0.15,0.631,-1.01,1.341,0.006,0.009,12468.0,4245.0,1.0
log_skill[265],-0.621,0.537,-1.608,0.386,0.005,0.008,12937.0,4186.0,1.0
log_skill[266],-0.425,0.56,-1.49,0.59,0.005,0.009,14471.0,4362.0,1.0
log_skill[267],1.052,0.747,-0.337,2.43,0.006,0.011,14019.0,4230.0,1.0
log_skill[268],0.232,0.644,-0.986,1.394,0.006,0.011,15270.0,4261.0,1.0
log_skill[269],-1.504,0.489,-2.442,-0.61,0.004,0.007,14241.0,3939.0,1.0
log_skill[270],-1.945,0.477,-2.868,-1.091,0.004,0.007,12388.0,4034.0,1.0
log_skill[271],0.263,0.639,-0.907,1.447,0.006,0.011,14076.0,4027.0,1.0
log_skill[272],-0.274,0.571,-1.334,0.756,0.005,0.009,13178.0,4080.0,1.0
log_skill[273],-0.096,0.582,-1.23,0.957,0.005,0.008,14321.0,4249.0,1.0
log_skill[274],-1.346,0.499,-2.376,-0.51,0.004,0.008,14341.0,3834.0,1.0
log_skill[275],1.089,0.755,-0.29,2.445,0.006,0.013,15341.0,3827.0,1.0
log_skill[276],-0.416,0.574,-1.458,0.643,0.005,0.009,15384.0,4159.0,1.0
log_skill[277],1.906,0.958,0.032,3.634,0.008,0.016,14689.0,3955.0,1.01
log_skill[278],-0.035,0.598,-1.24,1.01,0.005,0.01,14077.0,4107.0,1.0
log_skill[279],-0.617,0.556,-1.587,0.434,0.005,0.008,14458.0,4094.0,1.0
log_skill[280],0.917,0.715,-0.401,2.246,0.006,0.012,13609.0,3853.0,1.0
log_skill[281],-1.146,0.507,-2.116,-0.199,0.005,0.008,13052.0,4508.0,1.0
log_skill[282],1.031,0.721,-0.305,2.37,0.006,0.011,13653.0,4398.0,1.0
log_skill[283],0.725,0.676,-0.627,1.914,0.006,0.011,12198.0,4130.0,1.0
log_skill[284],-1.762,0.504,-2.703,-0.847,0.004,0.007,13666.0,4288.0,1.0
log_skill[285],-2.141,0.49,-3.03,-1.231,0.004,0.007,13035.0,4572.0,1.0
log_skill[286],-1.131,0.501,-2.074,-0.202,0.005,0.008,12679.0,3953.0,1.0
log_skill[287],1.461,0.819,-0.025,3.013,0.007,0.012,13515.0,3871.0,1.0
log_skill[288],1.342,0.791,-0.161,2.809,0.007,0.012,14633.0,3940.0,1.0
log_skill[289],-0.146,0.587,-1.274,0.921,0.005,0.009,15394.0,4042.0,1.0
log_skill[290],-0.838,0.53,-1.828,0.143,0.005,0.01,12533.0,3729.0,1.0
log_skill[291],-0.695,0.551,-1.768,0.293,0.005,0.008,15414.0,3962.0,1.0
log_skill[292],1.078,0.728,-0.265,2.435,0.006,0.01,14390.0,4196.0,1.0
log_skill[293],0.675,0.672,-0.582,1.903,0.006,0.011,13114.0,3381.0,1.0
log_skill[294],0.906,0.684,-0.364,2.167,0.006,0.01,14287.0,4468.0,1.0
log_skill[295],-0.381,0.568,-1.421,0.7,0.005,0.009,13098.0,4084.0,1.0
log_skill[296],0.345,0.64,-0.883,1.477,0.006,0.01,12977.0,4232.0,1.0
log_skill[297],0.527,0.664,-0.671,1.776,0.006,0.01,12737.0,4102.0,1.0
log_skill[298],1.527,0.839,-0.069,3.071,0.007,0.013,15472.0,4449.0,1.0
log_skill[299],-1.631,0.495,-2.548,-0.696,0.005,0.008,13359.0,4037.0,1.0
log_skill[300],-1.756,0.471,-2.635,-0.881,0.004,0.007,13386.0,4328.0,1.0
log_skill[301],0.413,0.651,-0.852,1.585,0.006,0.012,14632.0,3671.0,1.0
log_skill[302],0.739,0.689,-0.565,2.004,0.006,0.011,14690.0,3882.0,1.0
log_skill[303],-0.3,0.566,-1.337,0.757,0.005,0.01,14087.0,4347.0,1.0
log_skill[304],-0.925,0.536,-1.935,0.046,0.005,0.008,12985.0,4101.0,1.0
log_skill[305],-0.13,0.597,-1.202,0.98,0.005,0.01,13975.0,3853.0,1.0
log_skill[306],0.636,0.665,-0.691,1.762,0.006,0.011,15698.0,4029.0,1.0
log_skill[307],0.508,0.65,-0.72,1.675,0.006,0.01,14440.0,4407.0,1.0
log_skill[308],-1.747,0.495,-2.673,-0.812,0.004,0.007,16452.0,3888.0,1.0
log_skill[309],0.088,0.616,-1.12,1.173,0.006,0.009,12710.0,4316.0,1.0
log_skill[310],-0.478,0.564,-1.548,0.537,0.005,0.009,15097.0,4010.0,1.0
log_skill[311],-1.474,0.498,-2.397,-0.55,0.004,0.007,14632.0,4460.0,1.0
log_skill[312],-0.136,0.598,-1.261,0.968,0.005,0.01,15247.0,4106.0,1.0
log_skill[313],-1.395,0.505,-2.342,-0.445,0.004,0.008,14385.0,4041.0,1.0
log_skill[314],-0.069,0.59,-1.168,1.001,0.005,0.01,14418.0,3629.0,1.0
log_skill[315],0.553,0.643,-0.602,1.764,0.006,0.009,14629.0,4574.0,1.0
log_skill[316],1.423,0.813,-0.097,2.895,0.008,0.012,12218.0,4359.0,1.0
log_skill[317],-1.736,0.511,-2.714,-0.791,0.005,0.008,13865.0,4100.0,1.0
log_skill[318],0.969,0.718,-0.357,2.31,0.006,0.011,14298.0,4283.0,1.0
log_skill[319],-0.851,0.525,-1.831,0.095,0.005,0.008,11952.0,4591.0,1.0
log_skill[320],0.334,0.643,-0.849,1.514,0.006,0.009,13757.0,4636.0,1.0
log_skill[321],-0.162,0.586,-1.267,0.908,0.005,0.009,13436.0,4743.0,1.0
log_skill[322],-0.527,0.541,-1.483,0.523,0.005,0.008,13829.0,4291.0,1.0
log_skill[323],0.348,0.63,-0.85,1.497,0.006,0.01,13617.0,4042.0,1.0
log_skill[324],0.312,0.637,-0.887,1.478,0.006,0.01,13632.0,4151.0,1.0
log_skill[325],1.21,0.766,-0.182,2.689,0.007,0.012,13139.0,3888.0,1.0
log_skill[326],-0.468,0.568,-1.515,0.568,0.005,0.009,11875.0,3929.0,1.0
log_skill[327],0.651,0.667,-0.618,1.868,0.006,0.011,13430.0,3411.0,1.0
log_skill[328],0.335,0.64,-0.874,1.462,0.006,0.011,11930.0,3602.0,1.0
log_skill[329],-1.748,0.478,-2.653,-0.883,0.005,0.007,11923.0,4585.0,1.0
log_skill[330],-1.505,0.492,-2.433,-0.606,0.004,0.007,13970.0,4727.0,1.0
log_skill[331],1.189,0.757,-0.214,2.575,0.006,0.011,15692.0,4445.0,1.0
log_skill[332],-1.199,0.513,-2.21,-0.29,0.005,0.007,12913.0,4524.0,1.0
skill[0],7.085,6.525,0.312,18.346,0.073,0.174,15029.0,4445.0,1.0
skill[1],0.763,0.41,0.153,1.509,0.004,0.008,13470.0,4149.0,1.0
skill[2],3.666,2.737,0.303,8.587,0.029,0.07,14216.0,4379.0,1.0
skill[3],1.117,0.663,0.169,2.337,0.006,0.013,13235.0,4227.0,1.0
skill[4],1.745,1.069,0.208,3.745,0.01,0.018,12264.0,4545.0,1.0
skill[5],1.269,0.758,0.174,2.624,0.007,0.015,14064.0,4057.0,1.0
skill[6],0.314,0.155,0.073,0.601,0.001,0.003,12810.0,3984.0,1.0
skill[7],0.3,0.146,0.069,0.571,0.001,0.002,12428.0,3772.0,1.0
skill[8],1.054,0.604,0.177,2.189,0.006,0.011,13685.0,4155.0,1.0
skill[9],0.332,0.168,0.076,0.649,0.002,0.003,13943.0,3922.0,1.0
skill[10],0.74,0.415,0.124,1.487,0.004,0.008,12145.0,3867.0,1.0
skill[11],4.744,3.735,0.244,11.329,0.037,0.085,13928.0,4016.0,1.0
skill[12],0.325,0.163,0.067,0.617,0.001,0.003,14565.0,4112.0,1.0
skill[13],8.465,8.609,0.307,21.939,0.101,0.261,15280.0,4873.0,1.0
skill[14],0.957,0.554,0.15,1.982,0.005,0.01,12665.0,4632.0,1.0
skill[15],1.311,0.777,0.172,2.726,0.007,0.014,13982.0,4478.0,1.0
skill[16],0.785,0.433,0.123,1.565,0.004,0.007,14324.0,4622.0,1.0
skill[17],0.314,0.154,0.067,0.594,0.001,0.003,14664.0,4024.0,1.0
skill[18],2.11,1.355,0.264,4.578,0.013,0.026,13245.0,4191.0,1.0
skill[19],0.595,0.305,0.102,1.138,0.003,0.006,13799.0,4024.0,1.0
skill[20],3.275,2.333,0.273,7.466,0.024,0.049,14724.0,3966.0,1.0
skill[21],0.764,0.426,0.133,1.553,0.004,0.008,14985.0,3969.0,1.0
skill[22],10.555,11.871,0.276,29.751,0.148,0.422,14874.0,4640.0,1.0
skill[23],1.407,0.86,0.152,2.928,0.008,0.016,13443.0,4074.0,1.0
skill[24],1.988,1.293,0.25,4.33,0.012,0.028,14147.0,4006.0,1.0
skill[25],0.948,0.53,0.153,1.912,0.005,0.01,12849.0,4076.0,1.0
skill[26],1.969,1.243,0.281,4.272,0.012,0.024,15043.0,3973.0,1.0
skill[27],0.72,0.405,0.124,1.434,0.004,0.008,13424.0,4179.0,1.0
skill[28],4.54,3.612,0.235,11.238,0.035,0.082,14364.0,4315.0,1.0
skill[29],1.472,0.898,0.201,3.084,0.008,0.018,13452.0,4461.0,1.0
skill[30],0.254,0.122,0.059,0.472,0.001,0.002,13761.0,4109.0,1.0
skill[31],3.156,2.285,0.246,7.356,0.022,0.048,13680.0,4447.0,1.0
skill[32],7.779,7.205,0.342,20.254,0.081,0.195,15103.0,3833.0,1.0
skill[33],6.361,5.527,0.366,16.06,0.062,0.134,13317.0,4434.0,1.0
skill[34],3.131,2.255,0.348,7.257,0.023,0.05,13786.0,4200.0,1.0
skill[35],1.527,0.946,0.196,3.3,0.009,0.017,12709.0,4541.0,1.0
skill[36],6.714,5.992,0.366,17.109,0.069,0.156,15033.0,4253.0,1.0
skill[37],2.052,1.32,0.226,4.53,0.013,0.024,12766.0,4535.0,1.0
skill[38],1.15,0.677,0.151,2.345,0.006,0.014,13423.0,3583.0,1.0
skill[39],0.435,0.225,0.107,0.858,0.002,0.004,13568.0,4217.0,1.0
skill[40],0.737,0.406,0.133,1.48,0.004,0.008,14838.0,4128.0,1.0
skill[41],1.024,0.586,0.168,2.064,0.005,0.011,14659.0,4307.0,1.0
skill[42],4.058,3.104,0.368,9.803,0.032,0.068,14680.0,4298.0,1.0
skill[43],0.317,0.158,0.068,0.612,0.001,0.003,14542.0,4374.0,1.0
skill[44],1.532,0.961,0.196,3.289,0.009,0.019,12756.0,4522.0,1.0
skill[45],1.87,1.184,0.179,4.009,0.012,0.025,13612.0,4219.0,1.0
skill[46],9.301,10.125,0.303,25.172,0.139,0.713,13818.0,3993.0,1.0
skill[47],6.487,5.92,0.219,16.561,0.074,0.196,14108.0,4143.0,1.0
skill[48],1.429,0.871,0.185,2.965,0.009,0.018,11889.0,4123.0,1.0
skill[49],1.662,1.029,0.225,3.481,0.01,0.022,13391.0,3456.0,1.0
skill[50],1.468,0.906,0.168,3.144,0.009,0.017,12417.0,3798.0,1.0
skill[51],0.719,0.381,0.149,1.421,0.003,0.007,14476.0,3635.0,1.0
skill[52],2.944,2.092,0.268,6.646,0.021,0.048,12838.0,4010.0,1.0
skill[53],3.557,2.682,0.267,8.181,0.03,0.074,14066.0,4540.0,1.0
skill[54],0.15,0.074,0.035,0.286,0.001,0.001,13227.0,4557.0,1.0
skill[55],1.833,1.139,0.254,3.837,0.011,0.026,12829.0,4357.0,1.0
skill[56],9.103,9.531,0.202,24.559,0.127,0.436,14465.0,3965.0,1.0
skill[57],0.925,0.501,0.166,1.82,0.005,0.009,13151.0,4123.0,1.0
skill[58],4.9,3.892,0.443,12.243,0.04,0.085,15825.0,4515.0,1.0
skill[59],0.465,0.242,0.088,0.908,0.002,0.004,14236.0,4374.0,1.0
skill[60],0.796,0.453,0.108,1.606,0.005,0.011,12859.0,4167.0,1.0
skill[61],2.226,1.482,0.242,4.946,0.015,0.031,13183.0,4031.0,1.0
skill[62],2.745,1.926,0.245,6.14,0.02,0.046,13709.0,4007.0,1.0
skill[63],0.18,0.087,0.048,0.341,0.001,0.002,13787.0,4200.0,1.0
skill[64],4.005,3.19,0.259,9.523,0.035,0.096,14335.0,3692.0,1.0
skill[65],0.434,0.224,0.1,0.853,0.002,0.004,14771.0,3469.0,1.0
skill[66],0.481,0.246,0.092,0.93,0.002,0.004,13533.0,4393.0,1.0
skill[67],3.904,2.937,0.342,9.213,0.03,0.07,14225.0,3741.0,1.0
skill[68],0.222,0.104,0.055,0.409,0.001,0.002,15027.0,4363.0,1.0
skill[69],4.199,3.181,0.291,9.668,0.034,0.082,13518.0,4454.0,1.0
skill[70],4.396,3.374,0.225,10.527,0.035,0.077,13145.0,4312.0,1.0
skill[71],2.833,1.991,0.263,6.397,0.02,0.046,13343.0,3754.0,1.0
skill[72],2.253,1.516,0.196,4.942,0.015,0.037,14499.0,4080.0,1.0
skill[73],2.253,1.496,0.154,4.908,0.015,0.032,13468.0,4096.0,1.0
skill[74],1.151,0.671,0.154,2.368,0.006,0.012,13123.0,4366.0,1.0
skill[75],0.399,0.2,0.09,0.77,0.002,0.004,11978.0,4272.0,1.0
skill[76],0.699,0.373,0.14,1.395,0.004,0.007,11989.0,4132.0,1.0
skill[77],0.818,0.447,0.121,1.621,0.004,0.008,14096.0,4215.0,1.0
skill[78],1.218,0.713,0.164,2.493,0.006,0.013,13155.0,3762.0,1.0
skill[79],2.348,1.593,0.203,5.218,0.016,0.036,13749.0,3513.0,1.0
skill[80],0.385,0.194,0.088,0.743,0.002,0.003,13879.0,4255.0,1.0
skill[81],1.376,0.831,0.203,2.869,0.008,0.017,15002.0,3978.0,1.0
skill[82],5.348,4.451,0.288,13.105,0.047,0.104,14588.0,4328.0,1.0
skill[83],3.781,2.897,0.246,8.782,0.03,0.07,13191.0,3569.0,1.0
skill[84],2.955,2.035,0.362,6.737,0.02,0.045,13698.0,4485.0,1.0
skill[85],0.577,0.306,0.118,1.146,0.003,0.006,12869.0,3750.0,1.0
skill[86],7.708,7.503,0.291,19.629,0.087,0.247,15748.0,3918.0,1.0
skill[87],1.346,0.806,0.179,2.826,0.007,0.016,16871.0,3706.0,1.0
skill[88],1.746,1.099,0.249,3.737,0.011,0.025,13107.0,4118.0,1.0
skill[89],4.354,3.453,0.263,10.658,0.037,0.089,15593.0,4522.0,1.0
skill[90],0.545,0.287,0.131,1.107,0.002,0.005,14122.0,3467.0,1.0
skill[91],0.299,0.148,0.071,0.566,0.001,0.003,12771.0,4308.0,1.0
skill[92],7.596,7.323,0.195,20.442,0.085,0.211,16693.0,4184.0,1.0
skill[93],0.303,0.147,0.075,0.575,0.001,0.002,14161.0,3641.0,1.0
skill[94],0.148,0.07,0.033,0.277,0.001,0.001,13083.0,4145.0,1.0
skill[95],0.843,0.474,0.128,1.705,0.004,0.009,14926.0,3952.0,1.0
skill[96],1.22,0.749,0.168,2.575,0.007,0.017,14125.0,3657.0,1.0
skill[97],0.573,0.295,0.129,1.13,0.003,0.005,12555.0,4172.0,1.0
skill[98],7.444,6.831,0.351,19.228,0.078,0.187,14154.0,4284.0,1.0
skill[99],1.14,0.668,0.161,2.318,0.006,0.013,15498.0,4274.0,1.0
skill[100],0.451,0.231,0.096,0.869,0.002,0.004,13698.0,4479.0,1.0
skill[101],0.987,0.581,0.136,2.028,0.005,0.013,13430.0,3572.0,1.0
skill[102],0.541,0.277,0.119,1.064,0.003,0.004,11952.0,4100.0,1.0
skill[103],0.774,0.433,0.128,1.565,0.004,0.008,15347.0,3849.0,1.0
skill[104],0.712,0.385,0.148,1.441,0.004,0.007,14824.0,4269.0,1.0
skill[105],2.998,2.111,0.288,6.937,0.022,0.049,13166.0,3738.0,1.0
skill[106],1.116,0.651,0.167,2.312,0.006,0.014,14548.0,4097.0,1.0
skill[107],0.593,0.318,0.1,1.165,0.003,0.006,15101.0,3851.0,1.0
skill[108],5.21,4.29,0.386,12.639,0.044,0.115,15071.0,4969.0,1.0
skill[109],1.456,0.866,0.189,3.017,0.008,0.017,13594.0,4301.0,1.0
skill[110],5.455,4.507,0.387,13.293,0.044,0.11,15334.0,4095.0,1.0
skill[111],4.118,3.09,0.233,9.742,0.032,0.06,13665.0,4304.0,1.0
skill[112],0.429,0.214,0.098,0.818,0.002,0.004,12207.0,4106.0,1.0
skill[113],0.544,0.283,0.122,1.079,0.003,0.005,13184.0,4489.0,1.0
skill[114],0.242,0.118,0.054,0.454,0.001,0.002,11414.0,3507.0,1.0
skill[115],0.267,0.13,0.062,0.508,0.001,0.002,12504.0,3711.0,1.0
skill[116],1.355,0.848,0.189,2.89,0.008,0.017,12283.0,4051.0,1.0
skill[117],0.196,0.093,0.044,0.363,0.001,0.002,13043.0,4268.0,1.0
skill[118],2.03,1.248,0.208,4.241,0.012,0.024,14728.0,4469.0,1.0
skill[119],0.343,0.172,0.06,0.647,0.002,0.003,12622.0,3968.0,1.0
skill[120],1.963,1.279,0.227,4.289,0.012,0.025,14414.0,4305.0,1.0
skill[121],1.039,0.594,0.19,2.152,0.005,0.012,12841.0,3771.0,1.0
skill[122],0.954,0.555,0.152,1.982,0.005,0.011,14347.0,3745.0,1.0
skill[123],3.628,2.636,0.25,8.384,0.027,0.059,13793.0,4239.0,1.0
skill[124],2.816,1.975,0.195,6.34,0.02,0.044,13996.0,4289.0,1.0
skill[125],0.103,0.054,0.019,0.201,0.0,0.001,13567.0,4408.0,1.0
skill[126],11.69,15.195,0.335,34.294,0.221,1.002,17602.0,3630.0,1.0
skill[127],0.941,0.527,0.16,1.915,0.005,0.01,12988.0,3684.0,1.0
skill[128],0.372,0.188,0.078,0.712,0.002,0.004,11962.0,3317.0,1.0
skill[129],9.992,11.05,0.178,27.456,0.148,0.496,15650.0,3841.0,1.0
skill[130],0.316,0.151,0.083,0.601,0.001,0.002,12115.0,4129.0,1.0
skill[131],0.309,0.156,0.069,0.594,0.001,0.003,14368.0,4134.0,1.0
skill[132],1.343,0.818,0.179,2.828,0.008,0.017,14791.0,3922.0,1.0
skill[133],2.287,1.504,0.257,5.133,0.015,0.03,15421.0,4040.0,1.0
skill[134],0.08,0.041,0.014,0.151,0.0,0.001,12890.0,4000.0,1.0
skill[135],3.296,2.35,0.24,7.447,0.025,0.054,15029.0,4375.0,1.0
skill[136],0.977,0.542,0.174,1.958,0.005,0.009,13438.0,4471.0,1.0
skill[137],5.523,4.653,0.174,13.714,0.053,0.12,14760.0,3527.0,1.0
skill[138],1.611,0.969,0.188,3.369,0.009,0.017,13736.0,4188.0,1.0
skill[139],0.866,0.474,0.156,1.726,0.005,0.009,12275.0,4021.0,1.0
skill[140],0.842,0.474,0.142,1.701,0.004,0.009,13120.0,4423.0,1.0
skill[141],0.252,0.123,0.056,0.474,0.001,0.002,15794.0,3792.0,1.0
skill[142],0.438,0.221,0.098,0.837,0.002,0.004,13289.0,4310.0,1.0
skill[143],4.667,3.659,0.271,11.107,0.038,0.092,14028.0,4607.0,1.0
skill[144],5.437,4.524,0.226,13.626,0.049,0.103,13840.0,4415.0,1.0
skill[145],3.978,3.018,0.293,9.384,0.033,0.077,13854.0,4194.0,1.0
skill[146],2.36,1.553,0.201,5.139,0.016,0.032,13045.0,4287.0,1.0
skill[147],0.852,0.474,0.145,1.722,0.004,0.008,13083.0,4077.0,1.0
skill[148],1.403,0.84,0.181,2.944,0.008,0.016,14783.0,4061.0,1.0
skill[149],2.891,2.073,0.272,6.585,0.02,0.046,14870.0,3735.0,1.0
skill[150],2.569,1.73,0.269,5.666,0.017,0.034,13251.0,4405.0,1.0
skill[151],5.494,4.67,0.343,13.671,0.051,0.13,12987.0,4086.0,1.0
skill[152],2.651,1.853,0.216,6.0,0.018,0.039,14275.0,3888.0,1.0
skill[153],4.212,3.267,0.238,9.941,0.032,0.078,15412.0,3903.0,1.0
skill[154],3.341,2.47,0.25,7.679,0.025,0.06,15427.0,4424.0,1.0
skill[155],1.857,1.207,0.133,4.016,0.012,0.024,13075.0,3926.0,1.0
skill[156],0.337,0.165,0.081,0.651,0.001,0.003,13699.0,4438.0,1.0
skill[157],0.362,0.18,0.077,0.686,0.002,0.003,12433.0,4026.0,1.0
skill[158],0.612,0.322,0.13,1.21,0.003,0.006,11890.0,4034.0,1.0
skill[159],1.992,1.301,0.205,4.309,0.013,0.029,15227.0,4016.0,1.0
skill[160],3.524,2.597,0.249,8.135,0.026,0.053,14668.0,3877.0,1.0
skill[161],0.218,0.104,0.055,0.412,0.001,0.002,12864.0,4082.0,1.0
skill[162],4.558,3.6,0.278,11.107,0.04,0.09,13715.0,4100.0,1.0
skill[163],0.749,0.407,0.129,1.503,0.004,0.007,13107.0,4239.0,1.0
skill[164],2.814,1.886,0.28,6.267,0.018,0.036,13756.0,4459.0,1.0
skill[165],0.315,0.155,0.063,0.598,0.001,0.003,12841.0,3999.0,1.0
skill[166],0.353,0.177,0.08,0.68,0.002,0.004,14883.0,4394.0,1.0
skill[167],0.43,0.219,0.1,0.845,0.002,0.004,14121.0,4197.0,1.0
skill[168],0.308,0.151,0.082,0.599,0.001,0.003,12346.0,4187.0,1.0
skill[169],7.095,6.352,0.252,18.411,0.073,0.166,13134.0,4519.0,1.0
skill[170],0.13,0.065,0.031,0.251,0.001,0.001,12530.0,4101.0,1.0
skill[171],1.764,1.114,0.204,3.79,0.011,0.022,13239.0,3600.0,1.0
skill[172],3.217,2.305,0.257,7.281,0.022,0.049,13579.0,4042.0,1.0
skill[173],2.382,1.535,0.215,5.107,0.015,0.029,13310.0,4291.0,1.0
skill[174],2.737,1.879,0.294,6.134,0.019,0.04,14226.0,3981.0,1.0
skill[175],5.951,5.265,0.229,14.941,0.062,0.153,11990.0,3662.0,1.0
skill[176],2.578,1.766,0.234,5.684,0.017,0.042,13965.0,4593.0,1.0
skill[177],7.262,6.884,0.295,18.694,0.078,0.271,16341.0,4427.0,1.0
skill[178],0.573,0.303,0.118,1.121,0.003,0.005,12543.0,4417.0,1.0
skill[179],1.029,0.593,0.108,2.056,0.005,0.012,15478.0,4289.0,1.0
skill[180],0.438,0.221,0.096,0.839,0.002,0.004,13069.0,4207.0,1.0
skill[181],1.511,0.931,0.167,3.182,0.009,0.018,12485.0,4380.0,1.0
skill[182],0.45,0.227,0.102,0.863,0.002,0.004,12264.0,4110.0,1.0
skill[183],0.333,0.165,0.069,0.626,0.002,0.003,12909.0,4201.0,1.0
skill[184],0.194,0.092,0.045,0.365,0.001,0.002,15032.0,3846.0,1.0
skill[185],1.235,0.732,0.165,2.579,0.007,0.013,12333.0,4370.0,1.0
skill[186],2.852,1.984,0.385,6.548,0.018,0.041,15111.0,4192.0,1.0
skill[187],2.591,1.77,0.274,5.835,0.017,0.037,14323.0,4304.0,1.0
skill[188],10.008,10.74,0.217,27.465,0.136,0.388,15885.0,4099.0,1.0
skill[189],0.896,0.509,0.136,1.808,0.005,0.009,16282.0,4598.0,1.0
skill[190],1.248,0.735,0.149,2.586,0.007,0.013,13352.0,4373.0,1.0
skill[191],0.82,0.444,0.155,1.632,0.004,0.009,13364.0,4450.0,1.0
skill[192],0.441,0.225,0.087,0.848,0.002,0.004,14280.0,4134.0,1.0
skill[193],1.117,0.657,0.178,2.327,0.006,0.013,13479.0,4488.0,1.0
skill[194],0.439,0.232,0.09,0.862,0.002,0.005,14392.0,4291.0,1.0
skill[195],1.105,0.642,0.188,2.278,0.006,0.012,12592.0,4154.0,1.0
skill[196],2.134,1.368,0.278,4.658,0.013,0.024,13931.0,4186.0,1.0
skill[197],1.283,0.756,0.194,2.643,0.007,0.014,12117.0,3958.0,1.0
skill[198],0.517,0.271,0.105,1.014,0.002,0.005,14289.0,4070.0,1.0
skill[199],0.849,0.472,0.158,1.743,0.004,0.009,12345.0,4059.0,1.0
skill[200],5.014,4.038,0.258,12.113,0.044,0.106,16145.0,4085.0,1.0
skill[201],0.172,0.085,0.042,0.33,0.001,0.002,11261.0,4128.0,1.0
skill[202],2.483,1.691,0.26,5.592,0.017,0.041,14817.0,4174.0,1.0
skill[203],0.313,0.157,0.063,0.595,0.001,0.003,13272.0,3867.0,1.0
skill[204],0.695,0.371,0.127,1.375,0.004,0.007,13808.0,4277.0,1.0
skill[205],2.734,1.913,0.248,6.205,0.019,0.037,12785.0,4446.0,1.0
skill[206],0.427,0.216,0.089,0.833,0.002,0.004,12771.0,4031.0,1.0
skill[207],0.636,0.352,0.114,1.291,0.003,0.006,13508.0,4052.0,1.0
skill[208],0.426,0.218,0.086,0.828,0.002,0.004,13557.0,4204.0,1.0
skill[209],1.89,1.183,0.219,4.041,0.011,0.023,12863.0,3593.0,1.0
skill[210],0.341,0.171,0.078,0.661,0.002,0.003,13206.0,4045.0,1.0
skill[211],2.974,2.098,0.27,6.741,0.022,0.044,12825.0,4384.0,1.0
skill[212],5.85,4.992,0.206,14.783,0.052,0.113,16424.0,4053.0,1.0
skill[213],6.335,5.542,0.276,16.202,0.063,0.131,13653.0,4401.0,1.0
skill[214],5.848,4.954,0.302,14.579,0.054,0.127,13699.0,3852.0,1.0
skill[215],0.599,0.323,0.099,1.171,0.003,0.006,13022.0,4291.0,1.0
skill[216],0.467,0.243,0.096,0.922,0.002,0.004,13101.0,3848.0,1.0
skill[217],0.471,0.245,0.104,0.937,0.002,0.006,12854.0,3866.0,1.0
skill[218],0.289,0.143,0.078,0.561,0.001,0.003,14355.0,4400.0,1.0
skill[219],0.48,0.246,0.088,0.936,0.002,0.004,14430.0,4139.0,1.0
skill[220],0.252,0.123,0.055,0.47,0.001,0.002,13347.0,4299.0,1.0
skill[221],8.565,8.764,0.295,23.27,0.109,0.282,14912.0,4161.0,1.0
skill[222],0.202,0.095,0.052,0.376,0.001,0.002,14089.0,4321.0,1.0
skill[223],1.617,0.997,0.175,3.407,0.01,0.019,13014.0,3806.0,1.0
skill[224],0.185,0.092,0.041,0.355,0.001,0.002,15122.0,5060.0,1.0
skill[225],3.185,2.287,0.217,7.272,0.024,0.051,13360.0,4522.0,1.0
skill[226],0.548,0.287,0.118,1.077,0.003,0.006,14474.0,3959.0,1.0
skill[227],4.885,3.916,0.309,11.667,0.043,0.102,15512.0,4313.0,1.0
skill[228],1.763,1.106,0.158,3.751,0.011,0.023,12346.0,3977.0,1.0
skill[229],0.54,0.282,0.121,1.066,0.002,0.005,13356.0,4160.0,1.0
skill[230],1.209,0.716,0.16,2.496,0.006,0.015,13918.0,3781.0,1.0
skill[231],1.909,1.257,0.185,4.191,0.012,0.026,12675.0,3597.0,1.0
skill[232],0.233,0.111,0.048,0.432,0.001,0.002,12633.0,4076.0,1.0
skill[233],0.29,0.144,0.059,0.549,0.001,0.002,12459.0,4498.0,1.0
skill[234],0.353,0.176,0.081,0.674,0.002,0.003,12254.0,4386.0,1.0
skill[235],0.781,0.431,0.121,1.567,0.004,0.008,12038.0,3741.0,1.0
skill[236],2.557,1.803,0.209,5.717,0.018,0.039,13033.0,4301.0,1.0
skill[237],1.343,0.821,0.163,2.835,0.007,0.015,13077.0,4152.0,1.0
skill[238],4.975,4.122,0.213,12.338,0.043,0.102,14175.0,4088.0,1.0
skill[239],1.12,0.651,0.161,2.299,0.006,0.014,14429.0,3767.0,1.0
skill[240],1.175,0.678,0.218,2.465,0.006,0.013,13868.0,3342.0,1.0
skill[241],1.748,1.09,0.211,3.713,0.011,0.021,13204.0,4449.0,1.0
skill[242],1.57,0.968,0.182,3.383,0.009,0.018,12837.0,4289.0,1.0
skill[243],0.931,0.526,0.151,1.898,0.005,0.009,12728.0,4249.0,1.0
skill[244],8.38,8.478,0.279,22.743,0.104,0.285,16580.0,4835.0,1.0
skill[245],0.92,0.527,0.168,1.917,0.005,0.01,12481.0,4187.0,1.0
skill[246],0.64,0.344,0.102,1.245,0.003,0.007,16184.0,4113.0,1.0
skill[247],0.754,0.413,0.124,1.521,0.004,0.007,13343.0,4192.0,1.0
skill[248],0.471,0.242,0.095,0.909,0.002,0.004,12615.0,4033.0,1.0
skill[249],0.611,0.324,0.107,1.197,0.003,0.006,12403.0,4019.0,1.0
skill[250],1.242,0.727,0.195,2.602,0.007,0.014,12783.0,3835.0,1.0
skill[251],0.284,0.138,0.068,0.536,0.001,0.002,12390.0,3901.0,1.0
skill[252],0.335,0.166,0.08,0.652,0.001,0.003,13592.0,4002.0,1.0
skill[253],8.19,8.11,0.223,21.928,0.095,0.25,17178.0,4300.0,1.0
skill[254],1.41,0.873,0.16,2.953,0.008,0.019,12539.0,4293.0,1.0
skill[255],2.31,1.568,0.187,5.156,0.016,0.032,13925.0,4625.0,1.0
skill[256],0.96,0.552,0.176,1.983,0.005,0.011,11745.0,3808.0,1.0
skill[257],3.795,2.769,0.324,8.961,0.028,0.058,12725.0,4397.0,1.0
skill[258],2.482,1.687,0.238,5.466,0.017,0.034,14179.0,3918.0,1.0
skill[259],1.916,1.258,0.192,4.159,0.012,0.027,14143.0,3533.0,1.0
skill[260],1.945,1.261,0.21,4.175,0.012,0.026,14261.0,4074.0,1.0
skill[261],0.909,0.508,0.137,1.817,0.005,0.01,11998.0,4099.0,1.0
skill[262],2.845,1.978,0.261,6.403,0.019,0.041,14458.0,4066.0,1.0
skill[263],2.95,2.041,0.275,6.604,0.02,0.044,14171.0,3815.0,1.0
skill[264],1.398,0.854,0.166,2.995,0.008,0.015,12468.0,4245.0,1.0
skill[265],0.616,0.324,0.11,1.191,0.003,0.006,12937.0,4186.0,1.0
skill[266],0.758,0.42,0.132,1.521,0.004,0.009,14471.0,4362.0,1.0
skill[267],3.714,2.8,0.341,8.831,0.03,0.062,14019.0,4230.0,1.0
skill[268],1.528,0.958,0.181,3.325,0.009,0.022,15270.0,4261.0,1.0
skill[269],0.249,0.119,0.052,0.459,0.001,0.002,14241.0,3939.0,1.0
skill[270],0.16,0.075,0.038,0.296,0.001,0.001,12388.0,4034.0,1.0
skill[271],1.573,0.988,0.177,3.337,0.01,0.026,14076.0,4027.0,1.0
skill[272],0.886,0.496,0.14,1.791,0.005,0.009,13178.0,4080.0,1.0
skill[273],1.066,0.61,0.184,2.184,0.005,0.01,14321.0,4249.0,1.0
skill[274],0.293,0.144,0.065,0.547,0.001,0.003,14341.0,3834.0,1.0
skill[275],3.863,2.894,0.171,8.944,0.031,0.067,15341.0,3827.0,1.0
skill[276],0.77,0.428,0.132,1.541,0.004,0.008,15384.0,4159.0,1.0
skill[277],10.531,12.446,0.294,28.83,0.172,0.623,14689.0,3955.0,1.01
skill[278],1.141,0.672,0.167,2.354,0.007,0.014,14077.0,4107.0,1.0
skill[279],0.624,0.337,0.13,1.264,0.003,0.006,14458.0,4094.0,1.0
skill[280],3.169,2.256,0.305,7.262,0.024,0.057,13609.0,3853.0,1.0
skill[281],0.359,0.178,0.077,0.684,0.002,0.003,13052.0,4508.0,1.0
skill[282],3.573,2.59,0.302,8.33,0.027,0.057,13653.0,4398.0,1.0
skill[283],2.556,1.723,0.228,5.522,0.018,0.039,12198.0,4130.0,1.0
skill[284],0.194,0.095,0.042,0.37,0.001,0.002,13666.0,4288.0,1.0
skill[285],0.132,0.064,0.034,0.25,0.001,0.001,13035.0,4572.0,1.0
skill[286],0.364,0.181,0.085,0.692,0.002,0.003,12679.0,3953.0,1.0
skill[287],5.908,5.015,0.252,14.795,0.058,0.126,13515.0,3871.0,1.0
skill[288],5.139,4.252,0.25,12.442,0.045,0.116,14633.0,3940.0,1.0
skill[289],1.015,0.58,0.148,2.069,0.005,0.011,15394.0,4042.0,1.0
skill[290],0.493,0.255,0.097,0.955,0.002,0.006,12533.0,3729.0,1.0
skill[291],0.576,0.311,0.106,1.137,0.003,0.006,15414.0,3962.0,1.0
skill[292],3.757,2.729,0.253,8.54,0.026,0.059,14390.0,4196.0,1.0
skill[293],2.425,1.615,0.254,5.41,0.016,0.034,13114.0,3381.0,1.0
skill[294],3.08,2.104,0.298,6.999,0.02,0.042,14287.0,4468.0,1.0
skill[295],0.795,0.444,0.115,1.608,0.004,0.009,13098.0,4084.0,1.0
skill[296],1.707,1.067,0.229,3.608,0.01,0.021,12977.0,4232.0,1.0
skill[297],2.081,1.366,0.22,4.594,0.013,0.028,12737.0,4102.0,1.0
skill[298],6.41,5.81,0.31,16.11,0.066,0.197,15472.0,4449.0,1.0
skill[299],0.22,0.106,0.056,0.421,0.001,0.002,13359.0,4037.0,1.0
skill[300],0.192,0.088,0.051,0.354,0.001,0.001,13386.0,4328.0,1.0
skill[301],1.837,1.175,0.141,3.863,0.011,0.028,14632.0,3671.0,1.0
skill[302],2.617,1.824,0.292,5.902,0.018,0.044,14690.0,3882.0,1.0
skill[303],0.861,0.483,0.17,1.756,0.005,0.013,14087.0,4347.0,1.0
skill[304],0.454,0.239,0.109,0.916,0.002,0.004,12985.0,4101.0,1.0
skill[305],1.038,0.608,0.165,2.128,0.005,0.013,13975.0,3853.0,1.0
skill[306],2.319,1.521,0.285,5.061,0.015,0.041,15698.0,4029.0,1.0
skill[307],2.022,1.282,0.24,4.351,0.012,0.024,14440.0,4407.0,1.0
skill[308],0.196,0.095,0.046,0.374,0.001,0.002,16452.0,3888.0,1.0
skill[309],1.304,0.794,0.16,2.707,0.008,0.016,12710.0,4316.0,1.0
skill[310],0.719,0.395,0.127,1.442,0.004,0.008,15097.0,4010.0,1.0
skill[311],0.258,0.126,0.06,0.489,0.001,0.002,14632.0,4460.0,1.0
skill[312],1.03,0.598,0.164,2.147,0.006,0.011,15247.0,4106.0,1.0
skill[313],0.28,0.137,0.063,0.538,0.001,0.002,14385.0,4041.0,1.0
skill[314],1.099,0.637,0.192,2.283,0.006,0.014,14418.0,3629.0,1.0
skill[315],2.11,1.349,0.225,4.523,0.013,0.026,14629.0,4574.0,1.0
skill[316],5.658,4.84,0.361,14.282,0.057,0.169,12218.0,4359.0,1.0
skill[317],0.2,0.1,0.042,0.382,0.001,0.002,13865.0,4100.0,1.0
skill[318],3.357,2.453,0.25,7.781,0.028,0.062,14298.0,4283.0,1.0
skill[319],0.486,0.249,0.088,0.926,0.002,0.005,11952.0,4591.0,1.0
skill[320],1.693,1.065,0.195,3.614,0.01,0.02,13757.0,4636.0,1.0
skill[321],0.999,0.574,0.167,2.04,0.005,0.012,13436.0,4743.0,1.0
skill[322],0.678,0.36,0.119,1.341,0.003,0.006,13829.0,4291.0,1.0
skill[323],1.705,1.066,0.237,3.661,0.01,0.021,13617.0,4042.0,1.0
skill[324],1.652,1.053,0.169,3.501,0.01,0.027,13632.0,4151.0,1.0
skill[325],4.412,3.514,0.323,10.389,0.042,0.109,13139.0,3888.0,1.0
skill[326],0.729,0.404,0.132,1.475,0.004,0.008,11875.0,3929.0,1.0
skill[327],2.361,1.554,0.254,5.141,0.014,0.033,13430.0,3411.0,1.0
skill[328],1.691,1.051,0.235,3.617,0.01,0.021,11930.0,3602.0,1.0
skill[329],0.194,0.091,0.048,0.36,0.001,0.002,11923.0,4585.0,1.0
skill[330],0.249,0.121,0.059,0.469,0.001,0.002,13970.0,4727.0,1.0
skill[331],4.294,3.288,0.325,10.22,0.034,0.074,15692.0,4445.0,1.0
skill[332],0.342,0.171,0.079,0.657,0.002,0.003,12913.0,4524.0,1.0
